Restaurant,Latitude,Longitude
Dakasi Milktea - Shore 2 [Available for LONG-DISTANCE DELIVERY],14.5423731,120.98624833333334
Pretzelmaker - MOA Complex,14.5340926,120.9806548
King Sisig - Metropoint Mall [Available for LONG-DISTANCE DELIVERY],14.5381225,121.00112640000002
Seattle's Best Coffee - SM MOA [Available for LONG-DISTANCE DELIVERY],14.537127466666668,120.98034450000002
Infinitea - Double Dragon Plaza [Available for LONG-DISTANCE DELIVERY],14.536029300000001,120.9900964
Tempura Japanese Grill - SM Mall of Asia [Available for LONG-DISTANCE DELIVERY],14.536239499999999,120.98142198000001
MiPanda Milk Tea Hub - Puregold Libertad,14.547127852546069,120.99891999851383
Chooks To Go - Victory Food Market,14.5322614,120.9945967
Capitol Harlem - Arnaiz Avenue,14.548074233266192,120.99906854232603
Chachago - PITX [Available for LONG-DISTANCE DELIVERY],14.5088157,120.99081550175438
390 Degrees - Aseana City [Available for LONG-DISTANCE DELIVERY],14.52626005,120.9913286
Zagu - V & M Superette Baclaran,14.52877996,120.9972997
Ben's Cookies - SM Mall of Asia,14.534745742857144,120.9817716
Pepi Cubano - SM Mall of Asia [Available for LONG-DISTANCE DELIVERY],14.5363671,120.98030093
Tsitsachicha Foodzone Unlimited - Bangkal,14.54051731879467,121.01297854232877
Coldstone Creamery - Mall Of Asia [Available for LONG-DISTANCE DELIVERY],14.535822179999998,120.9826187
Marriott Cafe - Marriott Hotel [Available for LONG-DISTANCE DELIVERY],14.520573333333335,121.018251
Tabla by Selah Garden - Park Avenue [Available for LONG-DISTANCE DELIVERY],14.5402043,120.998052
SweetTea - Bangkal Makati,14.54622577395726,121.01019927116033
R&B Milk Tea - Aseana (Shakey's),14.521391,120.990733
De Original Jamaican Pattie Shop - PITX,14.5094086,120.9909822
The Restaurants - Okada Manila [Available for LONG-DISTANCE DELIVERY],14.5135898,120.97850025
Yomie's Rice X Yogurt - Newport,14.5241717,121.0129306
Shou Hand-Pulled Noodles - Ayala Malls Manila Bay [Available for LONG-DISTANCE DELIVERY],14.522878,120.990206
Tea Melody - F.B Harrison Street,14.5445554,120.9943051
Fiery Style - Ayala Malls Manila Bay,14.523104428571429,120.9874815
Marriott Hotel - Man Ho [Available for LONG-DISTANCE DELIVERY],14.5211267,121.0180158
Lil' Orbits Mini Donuts - Ayala Malls Manila Bay,14.5224622,120.9888435
Bibingkinitan - SM Mall of Asia [Available for LONG-DISTANCE DELIVERY],14.5362881,120.9818615
Plato Wraps - SM Mall of Asia [Available for LONG-DISTANCE DELIVERY],14.5357537,120.9803639
Mister Donut - PITX,14.50994703,120.9909879
Lugaw Republic - YSL Building Leveriza,14.5507389,120.9953164
Romantic Korean Hotdog - Mall of Asia [Available for LONG-DISTANCE DELIVERY],14.5357948,120.9789071
Apartment 1B - Henry Hotel Manila,14.54103,120.99599
ChaGuan House of Tea - Taft,14.539316918013114,121.00093927116028
Mercato Centrale - SM by the Bay,14.53716408,120.9800229
Juice Cubi - MOA,14.53097499090909,120.98134366666666
Teresa's Pasalubong - Gaitos Street,14.5404184,121.0009527
Gensan Tuna Panga - One Metropolitan Place,14.533656307692308,121.00867166666669
Sisig Supremo - Arnaiz Avenue,14.53544,121.0078841
Super Bagnet - Malibay,14.53420694,121.0091287
Kopan Restaurant - Barangay 76,14.54225,120.985047
Karaf Coffee - P. Zamora St. Pasay,14.542893080682944,121.00144781349051
Western Yam Yam - NAIA [Available for LONG-DISTANCE DELIVERY],14.5034804,120.9993992
MWilliams Diner - Villamor Pasay,14.524375375,121.0147749
Boodle Inasal x Happy Thirstday - Villamor [Available for LONG-DISTANCE DELIVERY],14.5264842,121.0145518
Happy Chai - Andrews Avenue,14.525912,121.0152448
Taftea Blends Station - Pasay,14.54352,121.002741
Tabhie's Kitchen - Malibay,14.536229384441,121.0112623556498
Dunkin' - NAIA,14.527283,120.9975468
Tatay Niks - Park Ave,14.5464586,120.9965168
Milky Tempteation Cafe - Wellcome Plaza Mall,14.5472323,120.99890512857144
Tip-Top Smoothies Station - Quirino Avenue,14.499526666666668,120.99113194
Sinangag Club - Capinpin [Available for LONG-DISTANCE DELIVERY],14.541335363636364,121.010485
Ochakudasai Tea Shop - PC Santos Street,14.5443525,121.0064545
Go Grab - Tramo St,14.54649,121.00252
Love Wingz! - Tramo St.,14.54649,121.00252
Jiang Nan Hotpot and Seafood Restaurant - Diosdado Macapagal Boulevard [Available for LONG-DISTANCE DELIVERY],14.548468,120.987044
Lezerliebitz Cakes and Pastries House - Silva,14.546316543751942,121.00451927116131
Yvan Navy - Bangkal Makati,14.5410077,121.0116837
Lola Fely's - Rodriguez,14.5448125,121.0083125
Jstalk Milktea - Bangkal,14.541897304102704,121.01173562697907
FNI Bistro - Buendia,14.5501088,120.9928159
Rafael's Tapas Bar and Restaurant - Newport Mall,14.5194915,121.01905490952382
Hard Rock Cafe - S Maison,14.532337,120.980346275
Sushi Basket - Santan Street [Available for LONG-DISTANCE DELIVERY],14.510793,121.004638
IE-KEI Ramen Yokohama Shoten - Okada Manila,14.515699364081485,120.98135755371686
Pavarotti Food Station - Okada,14.51566331,120.9812928
Little Bliss Milktea - Diosdado Macapagal Avenue,14.531098,120.980575
Royal Indian Curry House - SM Mall of Asia,14.53162241,120.9799833
Juan's Bistro - SM Mall of Asia,14.5340821,120.9820201
Cuckoo - SM Mall of Asia [Available for LONG-DISTANCE DELIVERY],14.5340431,120.98120575
Michelle's Homemade Putong Ube - Mall of Asia,14.535011488541668,120.98141393333331
Liezl's La Paz Batchoy & Kansi - PITX,14.5091152,120.9904702
BreadTalk - Mall of Asia,14.535674239680503,120.98274000000146
Juice Co. - SM Mall of Asia,14.535530770859369,120.98253198280356
Three Guys and a Grill - SM Mall of Asia [Available for LONG-DISTANCE DELIVERY],14.5362283,120.9825178
Cobo - North Wing Arcade [Available for LONG-DISTANCE DELIVERY],14.5362825,120.9820645
Bo's Coffee Daily - Mall of Asia [Available for LONG-DISTANCE DELIVERY],14.5339898,120.9797968
Sizzlin' Steak - Mall of Asia [Available for LONG-DISTANCE DELIVERY],14.5362339,120.9821925
The Pad By Padi's Point - By The Bay Mall of Asia,14.5336267,120.97923833333334
Migs Philly Steak - SM Mall Of Asia Bldg,14.53660518,120.9822332
Gorae Hotdog - SM Mall of Asia,14.53517308358562,120.98021000000074
Islands Juice - SM Mall of Asia,14.53567964,120.98085655
The Citrus Farm - SM Mall of Asia,14.5356802,120.980816875
"Shi Shi Noodle House, Inc - SM Mall of Asia",14.5372994,120.982655
HongKong MX Bakery - SM Mall of Asia,14.53613299,120.9809678
OtakaTea Milktea - Aurora Boulevard,14.536132329290584,121.00347899732436
Cofitearia Milk Tea & Coffee House - Aurora Boulevard [Available for LONG-DISTANCE DELIVERY],14.53638,121.00318
88 Degrees Milktea House - Pilapil Street,14.5381363,121.000678
Elephant Express - Pascor Drive,14.508378453187191,120.99805781348896
Meat Plus Cafe - SM Mall of Asia,14.535367,120.979874
Lucky Cup - Metropark,14.54048475,120.991684675
Quarantea Sa Ilaya Milktea Station - Paranaque [Available for LONG-DISTANCE DELIVERY],14.5078184,120.9972055
Cabalen - SM Mall of Asia,14.535959,120.979747
Eats Jedidiah - Pasay,14.5521042,120.999934
Mango Avocado Temptations - Maceda [Available for LONG DISTANCE DELIVERY],14.520525,121.018479
Black Pearl - Ayala Malls Manila Bay,14.52275213,120.9896931
It's Just Wings - Ayala Malls Manila Bay [Available for LONG-DISTANCE DELIVERY],14.52458027,120.9892142
F Crafted Tea - Ayala Malls Manila Bay [Available for LONG-DISTANCE DELIVERY],14.5224536,120.9888062
Lucky Dragon Pearl Milk Tea - Ayala Malls Manila Bay [Available for LONG-DISTANCE DELIVERY],14.5227245,120.9892609
Samgyup Saranghae BBQ & Grill - Village Green,14.5289826,120.9920991
Yogorino - Ayala Bay Mall [Available for LONG-DISTANCE DELIVERY],14.5230829,120.9894198
TuanTuan Kitchen - Ayala Malls Manila Bay [Available for LONG-DISTANCE DELIVERY],14.5223774,120.98824102857142
Paper Moon Cafe - Ayala Malls Manila Bay [Available for LONG-DISTANCE DELIVERY],14.52240341,120.9886314
Betterdays - Ayala Malls Manila Bay [Available for LONG-DISTANCE DELIVERY],14.5233759,120.9893636
am.pm - Ayala Malls Manila Bay,14.5231313,120.98744518
Mango Tree Cafe - Ayala Malls Manila Bay [Available for LONG-DISTANCE DELIVERY],14.523141666666668,120.98776317201556
Shi Lin - Ayala Malls Manila Bay [Available for LONG-DISTANCE DELIVERY],14.5226691,120.9888356
Master Pares - Quirino Avenue [Available for LONG-DISTANCE DELIVERY],14.5279758,120.9971847
Fat Fook Taiwanese Kitchen - Ayala Malls Manila Bay [Available for LONG-DISTANCE DELIVERY],14.5230711,120.9876965
Suki Ya - Ayala Malls Manila Bay,14.5231957,120.9878299
Yukrev Bites - Baclaran,14.52859313,120.9945625
Lucky Belly Noodle House - Aseana Powerstation [Available for LONG-DISTANCE DELIVERY],14.529524,120.98906205
Happy Jinju - Salem Complex,14.523487684037022,120.99991854232768
Samgyupkart - Baclaran,14.530452314017523,120.99641000000032
El Bander Unli Wings - Salem International Complex [Available for LONG-DISTANCE DELIVERY],14.523441929992956,121.00019364418095
Kusinath - Baclaran [Available for LONG-DISTANCE DELIVERY],14.529201430539745,120.99870779888192
Bo's Coffee - Salem Complex [Available for LONG-DISTANCE DELIVERY],14.5232423,121.0007268
Yokocho - Victory Food Market,14.5322053,120.9944727
Coffee Project - Scape Building,14.53315902162162,120.9889561
Lava Pearl - Pasay,14.5478679,120.9989574
Kuya J's Restaurant - Baclaran [Available for LONG-DISTANCE DELIVERY],14.53512467894737,120.99330795
Breaktime - Maceda [Available for LONG-DISTANCE DELIVERY],14.520525,121.018479
Seashine Ramen - Mayuga Street,14.515623,120.999368
Yamato - Bluebay [Available for LONG-DISTANCE DELIVERY],14.537029,120.989095
Kahatea - Pasay [Available for LONG DISTANCE DELIVERY],14.54961577156277,120.9980678134948
Milli Tea - Phoenix [Available for LONG-DISTANCE DELIVERY],14.535622237818174,120.9873602366859
Hungry Tatay - Bangkal,14.54501537,121.0122823
Mila's Lechon - Buendia,14.55389538396949,120.99650999999848
N Cafe & Bistro - Fairway Terraces,14.52513081,121.0239145
RBX Rice in A Box - Puregold Paranaque [Available for LONG-DISTANCE DELIVERY],14.5010987,120.99727378909093
Wings Mines - A Luna Pasay,14.5497748,120.9978012
Nestlie's Lutong Bahay - Dian Street [Available for LONG-DISTANCE DELIVERY],14.554418333333334,121.00441166666666
Marqueen Food Express - Tolentino Street,14.54607659,121.0063114
Sorsogon Farm2Plates - PITX,14.510753865954923,120.99123708465385
Unocha - Shell Residences,14.537085009676318,120.9864185423263
Kenshin Japanese Izakaya Restaurant - Ayala Malls,14.5233759,120.9893636
Miam Miam Thai Chicken - Aleanza Institute of Arts,14.540966162844867,121.01927854232872
Easy Peasy - Sofitel Philippine Plaza Manila [Available for LONG-DISTANCE DELIVERY],14.553846538907097,120.98015999999792
Tako Tako Queen - Arnaiz Avenue,14.5483431,121.0035015
Mectea - Don Carlos Revilla,14.53618617,121.0016478
Sisig Station - Wellcome Plaza,14.54721539,120.9989307
Qualitea Milktea - Cartimar Pasay,14.549959039912949,120.99767854232783
Goto Pilipinas - SM Mall of Asia,14.536684030474603,120.98220021178857
Saint Joe's Bagnet - Protacio Street,14.543175087023483,121.00637316526009
Pizzadidi - Buendia [Available for LONG-DISTANCE DELIVERY],14.55444131,120.997437
El Burrito Mexican Snacks - Alphaland Southgate Mall [Available for LONG-DISTANCE DELIVERY],14.5408455,121.01903699999998
Jhudd & Jhade Korean Street Food - BGC [Available for LONG-DISTANCE DELIVERY],14.525457706359807,121.02639904470225
The Roadhouse - SM By the Bay,14.535140000000126,120.97931239021052
Somerset Home-Baked Goodies - Makati,14.545706159279264,121.01381781349328
Daniel's Steakhouse - Parañaque,14.507786574517098,120.98403854232612
"Fruity Lemons - Villamor, Pasay",14.525326946439492,121.0126492711634
Mangan - Ayala Manila Bay,14.5231041,120.9891559
Chayang - Mall of Asia,14.53712747,120.9803445
Mr. Chaixi - Mall of Asia,14.53712747,120.9803445
TeaMi (茶予) - South Gate Mall [Available for LONG-DISTANCE DELIVERY],14.5408847,121.01905727058823
Celebration Cakes by Mary Grace - MAAX [Available for LONG-DISTANCE DELIVERY],14.531359,120.9839671
Lutong Smart Basket - Santan,14.510837,121.005059
Any How - Santan Street,14.510837,121.005059
Tiger Sugar - SM Mall of Asia [Available for LONG-DISTANCE DELIVERY],14.53406276,120.9827653875
The Coffee Bean & Tea Leaf - W Mall,14.5321371,120.98909582857144
Mesa - Ayala Malls Manila Bay [Available for LONG-DISTANCE DELIVERY],14.523415133333334,120.9893791
Highlands Coffee - Double Dragon Plaza [Available for LONG-DISTANCE DELIVERY],14.5364828,120.9913709
Katherine's Cafe - Ayala Manila Bay,14.5230829,120.9894198
Sbarro - SM Mall of Asia [Available for LONG-DISTANCE DELIVERY],14.5360666,120.9824779
TGI Fridays - Mall of Asia [Available for LONG-DISTANCE DELIVERY],14.5361783,120.9800662
Gerry's Grill Restaurant & Bar - SM Mall of Asia [Available for LONG-DISTANCE DELIVERY],14.5360238,120.97995
Martabak Cafe Indo Malay Food - SM Mall of Asia,14.53525407,120.9830464
Lots'A Pizza - Super 8 Baclaran [Available for LONG-DISTANCE DELIVERY],14.5302057,120.9970124
Baked By Mary Grace - Baymall Kiosk [Available for LONG-DISTANCE DELIVERY],14.522796176506958,120.9896399999966
Famous Amos - SM Mall Of Asia [Available for LONG-DISTANCE DELIVERY],14.5324005,120.9805201
Hightea - Salem Complex [Available for LONG-DISTANCE DELIVERY],14.52338745,121.0006808
Kumori - Mall of Asia [Available for LONG-DISTANCE DELIVERY],14.5349119,120.9811754
Zubuchon - SM Mall of Asia [Available for LONG-DISTANCE DELIVERY],14.53624826,120.98286888490566
Baliwag Lechon Manok - Seaside Paranaque [Available for LONG-DISTANCE DELIVERY],14.516800875,120.9961692
True Boss - SM Mall of Asia [Available for LONG-DISTANCE DELIVERY],14.5345565,120.9804623
Red Ribbon - Victory Food Market Baclaran,14.5322614,120.9945967
Razon's of Guagua - SM Mall of Asia [Available for LONG-DISTANCE DELIVERY],14.534128866666666,120.9814772142857
Alba Restaurante Espanol - Prism Plaza [Available for LONG-DISTANCE DELIVERY],14.539391,120.9818346
BG Takoyummy - Tramo [Available for LONG-DISTANCE DELIVERY],14.535914229561012,121.0016841997776
Farinas Ilocos Empanada - Ayala Malls Manila Bay [Available for LONG-DISTANCE DELIVERY],14.52245978,120.9888405
Chickings Restaurant - Ayala Malls Manila Bay,14.523039835000002,120.9870248625
Bulalo World - Metropoint Mall [Available for LONG-DISTANCE DELIVERY],14.53812413,121.00121428
Yabu: House of Katsu - SM Mall of Asia [Available for LONG-DISTANCE DELIVERY],14.535988860000002,120.9816135
SaladStop! - Mall of Asia [Available for LONG-DISTANCE DELIVERY],14.5349315,120.9810691
Rita's Pancit Ng Taga Malabon Est. 1965 - Mall of Asia [Available for LONG-DISTANCE DELIVERY],14.53401407142857,120.9817368
Italianni's Restaurant - Conrad Mall [Available for LONG-DISTANCE DELIVERY],14.5323053,120.9804268
Nathan's Famous - Met Live Mall [Available for LONG-DISTANCE DELIVERY],14.53680701,120.9885295
Kabayan Hotel Pasay - P. Zamora St. [Available for LONG-DISTANCE DELIVERY],14.538366,121.000832
Buffalo Wild Wings - Conrad Hotel [Available for LONG-DISTANCE DELIVERY],14.5328161,120.9803269
Lola Cafe - S Maison [Available for LONG-DISTANCE DELIVERY],14.531712914285714,120.980468
Bay City Cafe - Citadines Bay City [Available for LONG-DISTANCE DELIVERY],14.5318704,120.9883533
Mr. Liempo - Don Galo Paranaque,14.50472193438486,120.9936707288378
Kenny Rogers Roasters - Ayala Malls Manila Bay [Available for LONG-DISTANCE DELIVERY],14.5233917,120.98878764386862
Outback Steakhouse - Blue Bay,14.5373302,120.9902167
Mister Kabab - Mall of Asia [Available for LONG-DISTANCE DELIVERY],14.5359394,120.9864155
Blue Seas Seafood & Restaurant - Aseana Square [Available for LONG-DISTANCE DELIVERY],14.520735,120.99033333333334
Romantic Donkatsu - Ayala Malls Manila Bay [Available for LONG-DISTANCE DELIVERY],14.522897042857142,120.9879474
YOGOST - Ayala Manila Bay [Available for LONG-DISTANCE DELIVERY],14.5225803,120.98793135
BonChon - Ayala Malls Manila Bay [Available for LONG-DISTANCE DELIVERY],14.5232481875,120.98940287142857
Sushi Bangs - Double Dragon Plaza [Available for LONG-DISTANCE DELIVERY],14.536025963636364,120.99006522
INS Tea & Bread - Ayala Malls Manila Bay [Available for LONG-DISTANCE DELIVERY],14.5229833,120.9893945
J.Co Donuts & Coffee - Blue Bay Walk EDSA [Available for LONG-DISTANCE DELIVERY],14.537291054953611,120.9890798196082
Kimono Ken - SM Mall of Asia [Available for LONG-DISTANCE DELIVERY],14.536236143333332,120.9819064
Tenya - Aseana [Available for LONG-DISTANCE DELIVERY],14.5202119,120.9904656
Romantic Baboy - Double Dragon Plaza [Available for LONG-DISTANCE DELIVERY],14.53595108,120.9895269
PHO24 - Double Dragon Plaza [Available for LONG-DISTANCE DELIVERY],14.535923733333334,120.9892254
Tiong Bahru Boneless Hainanese Chicken Rice - Met Live [Available for LONG-DISTANCE DELIVERY],14.5366117,120.9884075
Lugang Cafe - Ayala Malls Manila Bay [Available for LONG-DISTANCE DELIVERY],14.5230118,120.9879599
Subway - Double Dragon [Available for LONG-DISTANCE DELIVERY],14.5363628,120.99150055
Mang Samgyupsal - Airport Road,14.527358456750504,120.99498000000092
Cibo - Ayala Malls Manila Bay,14.5223856,120.9881854
Takoyago Takoyaki Station - Maricaban,14.531085013340302,121.00840927116172
Ninetea Taiwanese Restaurant - Aseana Avenue,14.52241972,120.9884235
Shai-Mike Kitchenette - Domestic Road,14.5229954,121.0004769975
Mama Lou's Italian Kitchen - Manila Bay [Available for LONG-DISTANCE DELIVERY],14.5231278,120.98767
Tim Hortons - Blue Bay Walk,14.5370366,120.99072415
Sushi Nori - SM Mall of Asia [Available for LONG-DISTANCE DELIVERY],14.5352728,120.9819817
Crisostomo - Ayala Malls Manila Bay,14.524739,120.98929
Greenwich - DD Meridian,14.53625401422461,120.9898969813442
Mann Hann - Ayala Malls Bay Area [Available for LONG-DISTANCE DELIVERY],14.523327329710146,120.9886863
Shakey's Pizza - Ayala Manila Bay,14.52458027,120.9892142
101 Korean Hotdog - Ayala Malls Manila Bay [Available for LONG-DISTANCE DELIVERY],14.52254628235294,120.9879069
Hukad - Mall of Asia [Available for LONG-DISTANCE DELIVERY],14.536123394444443,120.9800758
Black Scoop Cafe - SMX Mall Of Asia [Available for LONG-DISTANCE DELIVERY],14.5331061,120.981755
Brownies Unlimited - SM Mall of Asia [Available for LONG-DISTANCE DELIVERY],14.5357152,120.9823754
Yi Fang Taiwan Fruit Tea - Phoenix [Available for LONG-DISTANCE DELIVERY],14.535379,120.9873427
Reyes Barbecue - SM Mall of Asia [Available for LONG-DISTANCE DELIVERY],14.53562122,120.9803385
Over Mango - W Mall Macapagal,14.533012698845184,120.98899781349508
Andok's - Tambo,14.5283001,120.99722313
Libertea Milktea - BlueBay Walk [Available for LONG-DISTANCE DELIVERY],14.538413,120.9893805
Hong Kong Little Kitchen - SM Mall of Asia,14.5362459,120.98228748
Tous Les Jours - MOA [Available for LONG-DISTANCE DELIVERY],14.536263825,120.98177194
Doner Bites Shawarma - Quirino Avenue,14.5302102,120.99702075
The Alley It's Time for Tea - SM Mall of Asia [Available for LONG-DISTANCE DELIVERY],14.5356741,120.98174686000002
Tokyo Tokyo - Ayala Bay Mall [Available for LONG-DISTANCE DELIVERY],14.523748358536588,120.98942068
Teriyaki Boy - Metlive [Available for LONG-DISTANCE DELIVERY],14.5373903,120.9884321
Sisig Hooray - SM Supermarket MOA,14.53127336,120.98367199
Andok's Dine-In - Bay City,14.5224908,120.9898458
Zark's Burgers - SM Mall of Asia [Available for LONG-DISTANCE DELIVERY],14.536186666666667,120.9812415
Dencio's - Metlive [Available for LONG-DISTANCE DELIVERY],14.5375594,120.988444
Tako Depot - Ayala Malls Manila Bay [Available for LONG-DISTANCE DELIVERY],14.5230397925,120.98943286666666
Kambal Pandesal - Baclaran [Available for LONG-DISTANCE DELIVERY],14.52801338,120.9971427
Wing Zone - Mall of Asia [Available for LONG-DISTANCE DELIVERY],14.536485746666669,120.98029660000002
CoCo Fresh Tea & Juice - Ayala Manila Bay,14.52336926,120.9871056
Tsuke-men - SM Mall of Asia,14.535408843693958,120.98260052513314
Boulangerie22 - Newport,14.524082046666669,121.0130096
Congo Grille - SM Mall of Asia [Available for LONG-DISTANCE DELIVERY],14.534053333333333,120.9814643
Kuya Boyet's Unliwings - Pasay,14.538482697048847,121.00044000000054
Ato's Chinoy Food Express - Zamora Street [Available for LONG-DISTANCE DELIVERY],14.5398717,121.0014922
Easy Tiger - SM Mall of Asia Food Hall,14.5350377,120.981979
Giligan's Restaurant - SM Mall of Asia,14.5331325,120.9794284
Taste of Joy - Pasay [Available for LONG-DISTANCE DELIVERY],14.545583953647466,120.99169501471896
Milagritos - Mall of Asia [Available for LONG-DISTANCE DELIVERY],14.542124621466924,120.98234927116528
BLK 513 - SM Maison,14.5322269,120.98051555
Turks - Salem Complex,14.52303755,121.000687665
llaollao - SM Mall of Asia [Available for LONG-DISTANCE DELIVERY],14.535431,120.983074
Hong Kong Chef Seafood Restaurant - Sun Plaza [Available for LONG-DISTANCE DELIVERY],14.5450208,120.98794649
Ate Rica's Bacsilog - Ayala Mall Manila Bay [Available for LONG-DISTANCE DELIVERY],14.522744025,120.98981299999998
Millie's All Day Dining - Mall of Asia [Available for LONG-DISTANCE DELIVERY],14.531626,120.979999
Dairy Queen - Mall Of Asia,14.5350525,120.98166411666666
Rico's Lechon - SM Mall of Asia [Available for LONG-DISTANCE DELIVERY],14.533667163636364,120.9801488
Tetay's Quality Dampa by Balanghay - Seaside sa Macapagal,14.544861,120.986639
Mimifaso Cafe - Roxas Boulevard [Available for LONG-DISTANCE DELIVERY],14.54554211,120.99182215
UCC Mentore - S'Maison [Available for LONG-DISTANCE DELIVERY],14.532762622541412,120.98036664440508
Kain - Foodhall MOA [Available for LONG-DISTANCE DELIVERY],14.534862,120.983179
Chatime - Ayala Bay [Available for LONG-DISTANCE DELIVERY],14.522445433333331,120.9885282
Seoul Good - SM MOA [Available for LONG-DISTANCE DELIVERY],14.534862,120.983179
Bacolod Chicken Inasal - One E-Com Center [Available for LONG-DISTANCE DELIVERY],14.5377788,120.9819116
Via Milk Tea Cafe - MET Live [Available for LONG-DISTANCE DELIVERY],14.537381783333334,120.9881004
Paotsin - Waltermart W Mall Bay City [Available for LONG-DISTANCE DELIVERY],14.5325543,120.988965
Gringo - Mall of Asia Complex [Available for LONG-DISTANCE DELIVERY],14.5313033,120.9841004
Happy Lemon - Ayala Manila Bay [Available for LONG-DISTANCE DELIVERY],14.5232801,120.98943723333332
Earl of Sandwich - SM Mall of Asia [Available for LONG-DISTANCE DELIVERY],14.535116,120.9818311
Soi - SM Mall of Asia [Available for LONG-DISTANCE DELIVERY],14.5362181,120.9823288
Abe - SM Mall of Asia,14.5352516,120.9800988
Holy Cow! - SM Mall of Asia [Available for LONG-DISTANCE DELIVERY],14.534053133333332,120.9818817
AMM Yang Chow Food Express - PAL Drive Airlane [Available for LONG-DISTANCE DELIVERY],14.508985,121.00327189285714
Icebergs - SM MOA,14.534098728846155,120.9815129
Overdoughs - S Maison [Available for LONG-DISTANCE DELIVERY],14.5320505,120.98051223333331
Maty's - Don Galo [Available for LONG-DISTANCE DELIVERY],14.505565,120.9939083
Sally's Homemade Kakanin - SM Mall of Asia [Available for LONG-DISTANCE DELIVERY],14.535070192724715,120.98103557424042
Por'que - SM Mall of Asia [Available for LONG-DISTANCE DELIVERY],14.5353075,120.9820286
Baked by Mary Grace - Waltermart Macapagal [Available for LONG-DISTANCE DELIVERY],14.532815758902004,120.9889963558192
Hong Kong Noodles & Dimsum House - Aurora Blvd [Available for LONG-DISTANCE DELIVERY],14.53748921,121.0035049
Horizon Cafe - Hotel 101 [Available for LONG-DISTANCE DELIVERY],14.5355507607,120.9877952032
Basil - SM Mall of Asia,14.536924625,120.98031465714286
Queens at Bollywood - Met Live,14.53756495,120.98833275
Persia Grill - Met Live Mall,14.53727888,120.9884679
Paluto by Trinity Dampa - Seaside Market [Available for LONG-DISTANCE DELIVERY],14.544865953706818,120.98638720540237
Hap Chan - Ayala Malls Manila Bay [Available for LONG-DISTANCE DELIVERY],14.5225784,120.988887
Texas Roadhouse - Conrad [Available for LONG-DISTANCE DELIVERY],14.53222745,120.9804365
Mitsuyado Sei-Men - Blue Bay Walk [Available for LONG-DISTANCE DELIVERY],14.537198924999998,120.9896264
R. Lapid's Chicharon & Barbecue - S&R Aseana [Available for LONG-DISTANCE DELIVERY],14.5296391,120.9912617
Tapa King - Aseana [Available for LONG-DISTANCE DELIVERY],14.52937561,120.9889498
Hearts and Bells - SM Mall of Asia [Available for LONG-DISTANCE DELIVERY],14.532334601932632,120.98363218650655
Ippudo - Mall of Asia [Available for LONG-DISTANCE DELIVERY],14.5360019,120.9824992
Cafe Mary Grace - Ayala Malls Manila Bay [Available for LONG-DISTANCE DELIVERY],14.52273,120.98966
Brothers Burger Express - Ayala Malls Manila Bay [Available for LONG-DISTANCE DELIVERY],14.522443683333332,120.9884698
Jim's Recipe - SM Mall Of Asia [Available for LONG-DISTANCE DELIVERY],14.5362755,120.982596825
Sharetea - Double Dragon Plaza [Available for LONG-DISTANCE DELIVERY],14.5361591,120.9908702
Papa Pancitan - Ayala Manila Bay [Available for LONG-DISTANCE DELIVERY],14.52320629,120.986971
A Veneto Pizzeria Ristorante - Mall of Asia [Available for LONG-DISTANCE DELIVERY],14.5340901,120.981582
UCC Clockwork - Bluebay [Available for LONG-DISTANCE DELIVERY],14.537099,120.989452
Hot Star Large Fried Chicken - Aseana [Available for LONG-DISTANCE DELIVERY],14.5209665,120.99030314013362
PoundxFlatterie - SM MOA [Available for LONG-DISTANCE DELIVERY],14.5343516,120.981696
Goldilocks - Gaisano Carcar Bakeshop,14.532194,120.994022
Corner Pizza -  Ayala by the Bay,14.5233917,120.9887876
Hawker Chan - Manila Bay [Available for LONG-DISTANCE DELIVERY],14.523496111111111,120.98942861666669
8Cuts - Mall of Asia [Available for LONG-DISTANCE DELIVERY],14.5339282,120.981112
Samgyeop.Ph - Monarch Parksuite [Available for LONG-DISTANCE DELIVERY],14.5291264,120.9857957
Red Lobster - Conrad [Available for LONG-DISTANCE DELIVERY],14.53234142,120.9804602
Serenitea - Aseana Square [Available for LONG-DISTANCE DELIVERY],14.521199,120.9902675125
Koomi - Double Dragon Plaza [Available for LONG-DISTANCE DELIVERY],14.536333545553646,120.9902958350421
Pancake House - Aseana [Available for LONG-DISTANCE DELIVERY],14.5215137,120.99024344583331
Cinnabon - Ayala Malls Manila Bay [Available for LONG-DISTANCE DELIVERY],14.5224514,120.9887666
Hahn Restaurant Korean Grill & Cuisine - Ayala Malls Manila Bay,14.52458,120.989214
Mr. Parks Bread and Cake - Macapagal Boulevard,14.5407984,120.9902894
Peri Peri Charcoal Chicken & Sauce Bar - Ayala Malls Manila Bay [Available for LONG-DISTANCE DELIVERY],14.523284,120.9872431125
Pepper Lunch - Ayala Malls Bay Area [Available for LONG-DISTANCE DELIVERY],14.5232388,120.9887039
King Chef - Manila Bay,14.5232983,120.9894025
Pho Hoa Vietnamese Noodle House - Mall of Asia [Available for LONG-DISTANCE DELIVERY],14.536285266666669,120.9825133
Chimac Chicken & Beer - Aseana Square,14.52110788,120.990278
Mey Lin Restaurant - Mall of Asia [Available for LONG-DISTANCE DELIVERY],14.5361904,120.9816474
Cup Point Coffee By Sunnies - Ayala Malls Manila Bay,14.52346523,120.9875499
Paradise Dynasty - S Maison Mall,14.532751076924754,120.98054509448014
Jang Geum Kitchen - MET Live [Available for LONG-DISTANCE DELIVERY],14.53749816,120.9884906
Nanyang - Ayala Malls Manila Bay [Available for LONG-DISTANCE DELIVERY],14.52271426,120.98840856
Genki Sushi - Ayala Malls Manila Bay [Available for LONG-DISTANCE DELIVERY],14.52316607061708,120.98809154232868
Max's Restaurant - Baclaran [Available for LONG-DISTANCE DELIVERY],14.532692,120.9934903
24 Chicken - Phoenix Mall Of Asia [Available for LONG-DISTANCE DELIVERY],14.535764,120.987349
David's Tea House - Aseana [Available for LONG-DISTANCE DELIVERY],14.5288784,120.99152948222222
Ramen Nagi - Ayala Malls Manila Bay [Available for LONG-DISTANCE DELIVERY],14.5230918,120.9878059
Din Tai Fung - Ayala Manila Bay [Available for LONG-DISTANCE DELIVERY],14.5231957,120.9878299
Botejyu - Ayala Malls Manila Bay [Available for LONG-DISTANCE DELIVERY],14.5231825,120.9880602611111
Lydia's Lechon - Roxas Boulevard [Available for LONG-DISTANCE DELIVERY],14.529328,120.9937389
Pancit ng taga Malabon - Baclaran,14.52884492,120.9940383
Nono's - Ayala Malls Manila Bay [Available for LONG-DISTANCE DELIVERY],14.522439352631578,120.9887457
Ooma - Ayala Manila Bay [Available for LONG-DISTANCE DELIVERY],14.5231957,120.9878299
Super Bowl of China - Mall Of Asia [Available for LONG-DISTANCE DELIVERY],14.534124999999998,120.98222836666667
Gong Cha - MAAX,14.53119501327248,120.98288927116435
RACKS - Aseana Square [Available for LONG-DISTANCE DELIVERY],14.5203625,120.99042383
Yummy House Restaurant - Oceanaire Residences,14.532371927894644,120.98611218651196
Tokyo Milk Cheese Factory - Ayala Malls Manila Bay [Available for LONG-DISTANCE DELIVERY],14.5231926,120.9873629
Butternut Bakery - SM Mall of Asia,14.5354,120.9827
I Love Milktea - Baclaran,14.533165397616926,120.99365854232798
Bag O' Shrimps - Ayala Malls Manila Bay,14.52319568,120.9873386
Chili's - Ayala Malls Manila Bay [Available for LONG-DISTANCE DELIVERY],14.5232138,120.987865
Bistro Charlemagne - Ayala Malls Manila Bay [Available for LONG-DISTANCE DELIVERY],14.523018672751236,120.9877297
Yayoi - Mall of Asia [Available for LONG-DISTANCE DELIVERY],14.5342885,120.98167522857143
Rong Hua Bak Kut Teh - Ayala Malls Manila Bay,14.522989836531364,120.9893902
Daeri's Kitchen - Malibay [Available for LONG-DISTANCE DELIVERY],14.53831848,121.0107146
Mares at Pares - Narra Street,14.534357,120.999387
Uling Roasters - Malibay Pasay,14.534531,121.0092935
Viaje Plus - Bangkal Makati [Available for LONG-DISTANCE DELIVERY],14.5430601,121.01417896
Sargo Restobar - San Dionisio,14.493813,120.9914017
Max Mango - Villamor,14.5240118407094,121.01522098037294
Ella's Bakeshop - Tolentino Street,14.546576,121.0063244
Cha Tuk Chak - Arnaiz Avenue [Available for LONG-DISTANCE DELIVERY],14.54842123392605,121.00350862736052
Lil' Orbits Mini Donuts - SM Mall of Asia,14.53412958,120.9805907
Wolfgang's Steakhouse - Newport Mall,14.51879402,121.0199656
Cafe Seventy Six - Makati [Available for LONG-DISTANCE DELIVERY],14.542079977704716,121.01197245542052
Parmigiano Ristorante Pizzeria - Parklet Resorts World Manila,14.5187221,121.01976903333332
Peri Peri Charcoal Chicken & Sauce Bar - Newport [Available for LONG-DISTANCE DELIVERY],14.518887400000002,121.0199806
Terry's Bistro - Pasong Tamo Extension,14.53472348,121.0219635
Chingolo Deli & Kitchen - Magallanes [Available for LONG-DISTANCE DELIVERY],14.536022488333334,121.0212161
The Moroccan Lady's Authentic Tagines - Magallanes [Available for LONG-DISTANCE DELIVERY],14.53264,121.0195433
Brothers' Pizza Hauz - Malibay [Available for LONG-DISTANCE DELIVERY],14.53727734,121.0105221
Oden House Japanese Restaurant - Leveriza Street,14.5501864,120.9953665
Figaro Coffee - PNB Financial Building [Available for LONG-DISTANCE DELIVERY],14.548668725,120.9868749
Lasagna MNL - Bangkal [Available for LONG-DISTANCE DELIVERY],14.5465868,121.00919833333334
Kowloon House - Bangkal,14.5401598,121.0122769
New York Slice - Chino Roces Avenue [Available for LONG-DISTANCE DELIVERY],14.5400573,121.0190573
Bulgogi Brothers - Newport [Available for LONG-DISTANCE DELIVERY],14.518793514285711,121.0197
Txanton - Alegria Alta,14.535013333333332,121.0215247
Pochon Chicken - Cartima Avenue,14.5507111,120.9964154
TakoYumi Takoyaki - P. Zamora [Available for LONG-DISTANCE DELIVERY],14.54675,121.00088
Berry Milk PH - Facundo Street [Available for LONG-DISTANCE DELIVERY],14.5470438,121.0056508
The Capital Tea - Seaside Palutuan,14.5457603,120.987159
Buffalo's Wings N' Things - SM Mall of Asia [Available for LONG-DISTANCE DELIVERY],14.5354508,120.97989515
Lola Idang's Bahay Pancitan - Moonwalk [Available for LONG-DISTANCE DELIVERY],14.4990668,121.0148466
Hanako - Moonwalk [Available for LONG-DISTANCE DELIVERY],14.50007257,121.0149333
Nat&Ayi Ilocos Empanada - Rodriguez Street,14.544909615007173,121.00762072884152
Gianna's Low Carb and Keto Friendly Pastries - Bangkal Makati [Available for LONG-DISTANCE DELIVERY],14.5401804,121.012927
The Orange Bucket - Palm Tree Villas II,14.52152926,121.0156425
King & Queen Tea - Don Galo Paranaque,14.505596189421397,120.9937492711623
Baa Baa Thai Tea - Villamor,14.524712315636236,121.0130956269798
Rodolfo Pizzeria - Bangkal Makati [Available for LONG-DISTANCE DELIVERY],14.540862,121.01331
Nenyang Cuisine - New port Circle,14.5220462,121.0165305
Casa Ilongga - Metropoint Mall,14.5377976,121.0012412
Bring Hilton Home - Hilton Manila [Available for LONG-DISTANCE DELIVERY],14.51866,121.0189
GEN Korean BBQ House - SM MOA [Available for LONG-DISTANCE DELIVERY],14.531962471268727,120.97969818343172
Manoy - Maricaban,14.5309178,121.00830905
Leaftea Milktea Bar - Villamor Pasay,14.5252113,121.0133495
Cold Sip - Malibay [Available for LONG-DISTANCE DELIVERY],14.534191649463114,121.00917934959875
Famous Belgian Waffles - SM Mall of Asia [Available for LONG-DISTANCE DELIVERY],14.535104442105265,120.9804774
Bobalab Milktea Station - Malibay,14.5347148,121.009377
Chacha & Watty Milktea and Shakes - Maricaban,14.530867,121.0083732
Chabucks Milktea Station - Tambo,14.5185856,120.996427
Sheraton Manila Hotel - S Kitchen [Available for LONG-DISTANCE DELIVERY],14.5182843,121.0181384
Auntie Anne's - Ayala Manila Bay [Available for LONG-DISTANCE DELIVERY],14.522419723529412,120.9884235375
Andrei's Kimchi - D. Zamora Street [Available for LONG-DISTANCE DELIVERY],14.546157056049566,121.00088719990322
Bobbitea Milktea House - Malibay,14.5369146,121.0088428
Park Avenue Desserts - Paseo De Magallanes [Available for LONG-DISTANCE DELIVERY],14.5390461,121.0171865
Top Shelf Liquors - Makati [Available for LONG-DISTANCE DELIVERY],14.5406202,121.0144256
DOON Thai and Asian Fusion Cuisine - Magallanes [Available for LONG-DISTANCE DELIVERY],14.5390626,121.01704532484246
Tapi Milktea House - Villamor Airbase [Available for LONG-DISTANCE DELIVERY],14.5257654,121.0152128
Happy Thirst Day - Villamor Airbase [Available for LONG-DISTANCE DELIVERY],14.526460771712294,121.0143378134909
BBQ Bob - La Huerta [Available for LONG-DISTANCE DELIVERY],14.49867038716009,120.99035344047849
Potato Corner - Salem Complex,14.523361666666665,121.0006763
Wong Sau Restaurant - Bangkal [Available for LONG-DISTANCE DELIVERY],14.5412778,121.0120173
Ohh My Lomi Eatery - Protacio [Available for LONG-DISTANCE DELIVERY],14.5430912,121.00236541
Monster Wings - Puregold Paranaque [Available for LONG-DISTANCE DELIVERY],14.501012322307446,120.9972456269848
Starlight Bed and Breakfast - Park Avenue,14.54644533,120.99651241666666
Supermien Food Services - Aspen Residence [Available for LONG-DISTANCE DELIVERY],14.54305118,121.0121278
"Send Noodles Fried Noodles, Dimsum & Rice Bowls - FB Harrison [Available for LONG-DISTANCE DELIVERY]",14.5568259,120.99014045
Authentic Chinese Cuisine - Villamor Airbase [Available for LONG-DISTANCE DELIVERY],14.5249281,121.0129417
TakamChan - Pestanas St,14.545997324478607,120.9960930852488
Mr. Fried Noodles Xpress - Bangkal [Available for LONG-DISTANCE DELIVERY],14.5505582,121.0094781
Jhundo Restaurant - J. Gabriel Street,14.531708120246009,120.99628744304128
GOGI Korean BBQ - Pasay City [Available for LONG-DISTANCE DELIVERY],14.552957,120.989779
Halina Hotel & Restaurant - Libertad,14.546025389152874,120.99295781349208
FamilyMart - Butterfly Garden,14.522725404481378,121.01669781349278
Mustafa Doner Shawarma Snack Bar - Innocencio Street,14.545345,121.00262333333332
Snack N' Roll - E. Rodriguez Street [Available for LONG-DISTANCE DELIVERY],14.55677275,120.98983588
House of Sinangag - Villamor Airbase,14.5249093,121.0130765
Pacita's Kitchen and Snack Bar - Gideon (Main Branch) [Available for LONG-DISTANCE DELIVERY],14.5452572,120.9983343
New Winston Lodge - Malibay,14.5371346,121.0035662
Da Rae Jung - HK Sun Plaza,14.54640908,120.9875526
Maxi's Corner - Tramo Street,14.5532982,121.0001242
New Nolboo Korean Restaurant - Roxas Boulevard [Available for LONG-DISTANCE DELIVERY],14.55148395,120.9900434
Food House by Madla - Buendia,14.5542023,120.9973612
Mang Inasal - Ayala Bay Mall,14.5233725,120.9894195
Popeyes - NU Mall of Asia [Available for LONG-DISTANCE DELIVERY],14.531109827003776,120.98152200673044
Classic Savory - Ayala Malls Bay Area,14.52379845,120.9893855
Pizza Hut - Aseana [Available for LONG-DISTANCE DELIVERY],14.52926792,120.99172166666668
S&R New York Style Pizza - Aseana,14.52991255,120.99102423333332
Tim Ho Wan - SM Mall of Asia [Available for LONG-DISTANCE DELIVERY],14.535942433333334,120.98163276
Marugame Udon - SM Mall of Asia [Available for LONG-DISTANCE DELIVERY],14.535061,120.981007
North Park - Macapagal Avenue [Available for LONG-DISTANCE DELIVERY],14.521720475,120.9903995
百味食府 Bovis Handmade Noodle House - Blue Bay Walk [Available for LONG-DISTANCE DELIVERY],14.53767875,120.9899311
Frankie's New York Buffalo Wings - SM Mall of Asia [Available for LONG-DISTANCE DELIVERY],14.535133510182092,120.98316065612612
Panda Express - Double Dragon Meridian [Available for LONG-DISTANCE DELIVERY],14.536542,120.991665
Sweet Ecstasy - Mall of Asia [Available for LONG-DISTANCE DELIVERY],14.5313033,120.9841004
Manam - Ayala Manila Bay [Available for LONG-DISTANCE DELIVERY],14.5232252,120.98699135714286
Conti's Bakeshop and Restaurant - Bluebay Walk [Available for LONG-DISTANCE DELIVERY],14.5372687,120.989974
Kimono Ken - Met Live [Available for LONG-DISTANCE DELIVERY],14.537026,120.9883767
